Year,Forecasted_Milk_Production_MT
2013,137.1875265230775
2014,141.9518339112347
2015,146.6930347754877
2016,151.41124118069786
2017,156.1065646482206
